First Blood,ach_first_blood.png
Swift Solver,ach_swift.png
Read My Mind,ach_one_turn.png
Bare Hands,ach_bare_hands.png
MindMaster,ach_campaign.png
Apprentice Smith,ach_forge_first.png
Orb Collector,ach_collector.png
Six Slots,ach_altar_max.png
Daily Grind,ach_daily_first.png
On Fire,ach_streak_7.png
Unbreakable,ach_streak_30.png
Duelist,ach_duelist.png
Gauntlet Initiate,ach_gauntlet_5.png
Gauntlet Adept,ach_gauntlet_10.png
Gauntlet Master,ach_gauntlet_15.png
Gauntlet Legend,ach_gauntlet_20.png
Fully Armed,ach_fully_armed.png
Perfectionist,ach_three_star.png
Grand Master,ach_all_stars.png
